Date,Tm,Opp,Quarter,Time,Down,ToGo,Location,Score,Detail,Yds,EPB,EPA,Diff
2026-01-25,Rams,Seahawks,2,2:00,2,8,SEA 9,12-10,Matthew Stafford pass complete short left to Kyren Williams for 9 yards touchdown,9,,,
2026-01-25,Rams,Seahawks,3,9:45,1,2,SEA 2,19-24,Matthew Stafford pass complete short left to Davante Adams for 2 yards touchdown,2,,,
2026-01-25,Rams,Seahawks,3,2:13,1,10,SEA 34,26-31,Matthew Stafford pass complete deep left to Puka Nacua for 34 yards touchdown Replay Assistant challenged the pass completion ruling and the play was upheld.,34,,,
2026-01-10,Rams,Panthers,1,11:39,1,10,CAR 14,6-0,Matthew Stafford pass complete short middle to Puka Nacua for 14 yards touchdown,14,,,
2026-01-10,Rams,Panthers,4,8:52,2,6,CAR 13,26-24,Matthew Stafford pass complete short middle to Kyren Williams for 13 yards touchdown,13,,,
2026-01-10,Rams,Panthers,4,0:43,1,10,CAR 19,33-31,Matthew Stafford pass complete deep right to Colby Parkinson for 19 yards touchdown,19,,,
2026-01-04,Rams,Cardinals,2,1:26,4,2,CRD 2,12-6,Matthew Stafford pass complete short right to Puka Nacua for 2 yards touchdown,2,,,
2026-01-04,Rams,Cardinals,3,0:50,1,10,CRD 21,22-20,Matthew Stafford pass complete short right to Colby Parkinson for 21 yards touchdown,21,,,
2026-01-04,Rams,Cardinals,4,10:44,2,10,CRD 22,29-20,Matthew Stafford pass complete deep right to Tyler Higbee for 22 yards touchdown,22,,,
2026-01-04,Rams,Cardinals,4,4:19,2,1,CRD 1,36-20,Matthew Stafford pass complete short right to Colby Parkinson for 1 yard touchdown,1,,,
2025-12-29,Rams,Falcons,3,5:06,1,10,ATL 27,9-24,Matthew Stafford pass complete deep left to Terrance Ferguson for 27 yards touchdown,27,,,
2025-12-29,Rams,Falcons,4,2:52,1,10,ATL 11,23-24,Matthew Stafford pass complete short right to Puka Nacua for 11 yards touchdown,11,,,
2025-12-18,Rams,Seahawks,2,3:47,2,3,SEA 3,12-7,Matthew Stafford pass complete short left to Terrance Ferguson for 3 yards touchdown,3,,,
2025-12-18,Rams,Seahawks,4,13:36,3,1,SEA 1,29-14,Matthew Stafford pass complete short right to Puka Nacua for 1 yard touchdown,1,,,
2025-12-18,Rams,Seahawks,5,6:36,2,9,SEA 41,36-30,Matthew Stafford pass complete deep middle to Puka Nacua for 41 yards touchdown,41,,,
2025-12-14,Rams,Lions,3,2:32,1,10,DET 26,26-24,Matthew Stafford pass complete deep right to Colby Parkinson for 26 yards touchdown Replay Assistant challenged the runner broke the plane ruling and the play was upheld.,26,,,
2025-12-14,Rams,Lions,4,4:54,1,10,DET 11,40-27,Matthew Stafford pass complete short right to Colby Parkinson for 11 yards touchdown,11,,,
2025-12-07,Rams,Cardinals,2,0:18,2,10,CRD 28,23-10,Matthew Stafford pass complete deep left to Puka Nacua for 28 yards touchdown,28,,,
2025-12-07,Rams,Cardinals,3,10:12,3,6,CRD 6,30-10,Matthew Stafford pass complete short middle to Colby Parkinson for 6 yards touchdown,6,,,
2025-12-07,Rams,Cardinals,3,0:18,1,10,CRD 31,37-10,Matthew Stafford pass complete deep left to Puka Nacua for 31 yards touchdown,31,,,
2025-11-30,Rams,Panthers,1,12:13,2,3,CAR 4,6-0,Matthew Stafford pass complete short middle to Davante Adams for 4 yards touchdown,4,,,
2025-11-30,Rams,Panthers,2,12:54,3,6,CAR 7,13-14,Matthew Stafford pass complete short right to Davante Adams for 7 yards touchdown,7,,,
2025-11-23,Rams,Buccaneers,1,4:35,1,1,TAM 1,6-0,Matthew Stafford pass complete short right to Davante Adams for 1 yard touchdown,1,,,
2025-11-23,Rams,Buccaneers,2,10:50,3,5,TAM 5,20-0,Matthew Stafford pass complete short middle to Colby Parkinson for 5 yards touchdown,5,,,
2025-11-23,Rams,Buccaneers,2,3:15,1,10,TAM 24,27-7,Matthew Stafford pass complete deep right to Davante Adams for 24 yards touchdown,24,,,
2025-11-16,Rams,Seahawks,1,1:06,2,1,SEA 1,13-3,Matthew Stafford pass complete short left to Davante Adams for 1 yard touchdown. Penalty on Uchenna Nwosu: Defensive Offside 5 yards (declined),1,,,
2025-11-16,Rams,Seahawks,4,14:21,1,6,SEA 6,20-12,Matthew Stafford pass complete short right to Colby Parkinson for 6 yards touchdown,6,,,
2025-11-09,Rams,49ers,1,5:41,2,10,SFO 22,13-0,Matthew Stafford pass complete short right to Puka Nacua for 22 yards touchdown,22,,,
2025-11-09,Rams,49ers,2,13:48,2,4,SFO 4,20-0,Matthew Stafford pass complete short right to Davis Allen for 4 yards touchdown,4,,,
2025-11-09,Rams,49ers,3,2:44,2,2,SFO 2,27-14,Matthew Stafford pass complete short left to Davante Adams for 2 yards touchdown,2,,,
2025-11-09,Rams,49ers,4,5:17,3,2,SFO 16,41-20,Matthew Stafford pass complete short left to Colby Parkinson for 16 yards touchdown,16,,,
2025-11-02,Rams,Saints,1,6:22,3,1,NOR 1,6-0,Matthew Stafford pass complete short right to Tyler Higbee for 1 yard touchdown,1,,,
2025-11-02,Rams,Saints,2,11:31,1,3,NOR 3,13-0,Matthew Stafford pass complete short left to Davante Adams for 3 yards touchdown,3,,,
2025-11-02,Rams,Saints,2,6:32,1,10,NOR 39,19-3,Matthew Stafford pass complete deep right to Puka Nacua for 39 yards touchdown,39,,,
2025-11-02,Rams,Saints,3,5:17,1,4,NOR 4,26-10,Matthew Stafford pass complete short left to Davante Adams for 4 yards touchdown,4,,,
2025-10-19,Rams,Jaguars,1,6:43,2,5,JAX 5,6-0,Matthew Stafford pass complete short middle to Konata Mumpfield for 5 yards touchdown,5,,,
2025-10-19,Rams,Jaguars,1,1:55,1,2,JAX 2,13-0,Matthew Stafford pass complete short right to Davante Adams for 2 yards touchdown,2,,,
2025-10-19,Rams,Jaguars,2,4:40,2,1,JAX 1,20-0,Matthew Stafford pass complete short middle to Davante Adams for 1 yard touchdown. Penalty on Greg Newsome: Defensive Pass Interference 15 yards (declined),1,,,
2025-10-19,Rams,Jaguars,4,11:19,4,1,JAX 31,27-0,Matthew Stafford pass complete deep right to Terrance Ferguson for 31 yards touchdown,31,,,
2025-10-19,Rams,Jaguars,4,5:03,1,1,JAX 1,34-7,Matthew Stafford pass complete short right to Davante Adams for 1 yard touchdown,1,,,
2025-10-12,Rams,Ravens,3,10:25,1,8,RAV 8,16-3,Matthew Stafford pass complete short right to Tyler Higbee for 8 yards touchdown,8,,,
2025-10-02,Rams,49ers,2,2:15,1,10,SFO 14,6-14,Matthew Stafford pass complete short right to Kyren Williams for 14 yards touchdown,14,,,
2025-10-02,Rams,49ers,3,3:48,2,1,SFO 1,13-20,Matthew Stafford pass complete short right to Puka Nacua for 1 yard touchdown,1,,,
2025-10-02,Rams,49ers,4,10:43,2,8,SFO 8,20-20,Matthew Stafford pass complete short left to Kyren Williams for 8 yards touchdown,8,,,
2025-09-28,Rams,Colts,2,0:11,2,10,CLT 10,12-10,Matthew Stafford pass complete short middle to Davante Adams for 10 yards touchdown,10,,,
2025-09-28,Rams,Colts,4,3:24,4,2,CLT 9,19-20,Matthew Stafford pass complete short left to Puka Nacua for 9 yards touchdown,9,,,
2025-09-28,Rams,Colts,4,1:44,1,10,RAM 12,26-20,Matthew Stafford pass complete deep left to Tutu Atwell for 88 yards touchdown,88,,,
2025-09-21,Rams,Eagles,1,1:28,1,10,PHI 44,9-7,Matthew Stafford pass complete deep left to Davante Adams for 44 yards touchdown,44,,,
2025-09-21,Rams,Eagles,3,14:12,1,10,PHI 10,25-7,Matthew Stafford pass complete short right to Kyren Williams for 10 yards touchdown,10,,,
2025-09-14,Rams,Titans,3,1:21,1,8,OTI 8,19-16,Matthew Stafford pass complete short right to Davis Allen for 7 yards LAR challenged the short of the line to gain ruling and the original play was overturned. Matthew Stafford pass complete short right to Davis Allen for 8 yards touchdown (tackle by Jarvis Brownlee),8,,,
2025-09-14,Rams,Titans,4,9:44,3,5,OTI 16,26-16,Matthew Stafford pass complete deep right to Davante Adams for 16 yards touchdown,16,,,
2025-09-07,Rams,Texans,3,12:33,1,10,HTX 13,13-9,Matthew Stafford pass complete short left to Davis Allen for 13 yards touchdown,13,,,
2025-01-19,Rams,Eagles,1,6:36,3,4,PHI 4,6-6,Matthew Stafford pass complete short left to Tyler Higbee for 4 yards touchdown,4,4.490,7.000,2.51
2025-01-19,Rams,Eagles,4,2:51,3,4,PHI 4,21-28,Matthew Stafford pass complete short middle to Colby Parkinson for 4 yards touchdown,4,4.490,7.000,2.51
2025-01-13,Rams,Vikings,1,10:28,1,5,MIN 5,6-0,Matthew Stafford pass complete short middle to Kyren Williams for 5 yards touchdown,5,6.060,7.000,.94
2025-01-13,Rams,Vikings,2,0:21,1,10,MIN 13,23-3,Matthew Stafford pass complete short middle to Davis Allen for 13 yards touchdown,13,4.710,7.000,2.29
2024-12-22,Rams,Jets,4,10:17,1,10,NYJ 11,15-9,Matthew Stafford pass complete short right to Tyler Higbee for 11 yards touchdown,11,4.840,7.000,2.16
2024-12-08,Rams,Bills,3,0:22,3,3,BUF 17,37-21,Matthew Stafford pass complete deep middle to Cooper Kupp for 17 yards touchdown,17,3.750,7.000,3.25
2024-12-08,Rams,Bills,4,2:00,3,5,BUF 19,44-35,Matthew Stafford pass complete short right to Puka Nacua for 19 yards touchdown,19,3.410,7.000,3.59
2024-12-01,Rams,Saints,4,15:00,1,3,NOR 3,13-6,Matthew Stafford pass complete short right to Demarcus Robinson for 3 yards touchdown,3,6.510,7.000,.49
2024-12-01,Rams,Saints,4,8:57,2,7,NOR 7,20-14,Matthew Stafford pass complete short right to Puka Nacua for 7 yards touchdown,7,4.760,7.000,2.24
2024-11-24,Rams,Eagles,3,10:55,2,2,PHI 2,13-20,Matthew Stafford pass complete short right to Demarcus Robinson for 2 yards touchdown,2,5.720,7.000,1.28
2024-11-24,Rams,Eagles,4,1:12,2,10,PHI 27,20-37,Matthew Stafford pass complete short middle to Cooper Kupp for 27 yards touchdown,27,3.230,7.000,3.77
2024-11-17,Rams,Patriots,2,7:22,2,5,NWE 5,6-7,Matthew Stafford pass complete short right to Cooper Kupp for 5 yards touchdown,5,5.150,7.000,1.85
2024-11-17,Rams,Patriots,2,5:49,1,10,NWE 12,13-7,Matthew Stafford pass complete short right to Puka Nacua for 12 yards touchdown,12,4.780,7.000,2.22
2024-11-17,Rams,Patriots,3,14:19,2,9,RAM 31,20-10,Matthew Stafford pass complete deep middle to Cooper Kupp for 69 yards touchdown,69,0.530,7.000,6.47
2024-11-17,Rams,Patriots,3,3:35,2,2,NWE 19,27-13,Matthew Stafford pass complete deep left to Colby Parkinson for 19 yards touchdown,19,4.350,7.000,2.65
2024-11-03,Rams,Seahawks,3,8:31,2,1,SEA 1,9-13,Matthew Stafford pass complete short right to Demarcus Robinson for 1 yard touchdown,1,5.910,7.000,1.09
2024-11-03,Rams,Seahawks,5,5:04,2,6,SEA 39,26-20,Matthew Stafford pass complete deep left to Demarcus Robinson for 39 yards touchdown,39,2.720,6.000,3.28
2024-10-24,Rams,Vikings,1,6:42,3,5,MIN 5,6-7,Matthew Stafford pass complete short middle to Kyren Williams for 5 yards touchdown,5,4.260,7.000,2.74
2024-10-24,Rams,Vikings,2,10:11,2,7,MIN 7,13-14,Matthew Stafford pass complete short left to Cooper Kupp for 7 yards touchdown,7,4.760,7.000,2.24
2024-10-24,Rams,Vikings,3,2:40,2,8,MIN 25,20-17,Matthew Stafford pass complete deep right to Demarcus Robinson for 25 yards touchdown. Penalty on Shaquill Griffin: Defensive Pass Interference 15 yards (declined),25,3.500,7.000,3.50
2024-10-24,Rams,Vikings,4,6:23,3,4,MIN 10,27-20,Matthew Stafford pass complete short right to Demarcus Robinson for 10 yards touchdown,10,4.170,7.000,2.83
2024-10-06,Rams,Packers,4,3:34,1,1,GNB 1,19-24,Matthew Stafford pass complete short right to Demarcus Robinson for 1 yard touchdown,1,6.970,7.000,.03
2024-09-22,Rams,49ers,2,1:15,2,9,SFO 15,6-14,Matthew Stafford pass complete short middle to Kyren Williams for 15 yards touchdown,15,4.050,7.000,2.95
2024-09-08,Rams,Lions,4,4:35,1,9,DET 9,19-17,Matthew Stafford pass complete short left to Cooper Kupp for 9 yards touchdown,9,5.140,7.000,1.86
2024-01-14,Rams,Lions,2,13:32,3,1,RAM 50,9-14,Matthew Stafford pass complete deep left to Puka Nacua for 50 yards touchdown,50,1.620,7.000,5.38
2024-01-14,Rams,Lions,2,4:11,1,10,DET 38,16-21,Matthew Stafford pass complete deep right to Tutu Atwell for 38 yards touchdown,38,3.050,7.000,3.95
2023-12-31,Rams,Giants,2,1:48,2,5,NYG 5,13-7,Matthew Stafford pass complete short right to Cooper Kupp for 5 yards touchdown,5,5.150,7.000,1.85
2023-12-21,Rams,Saints,1,2:32,4,2,NOR 2,6-0,Matthew Stafford pass complete short right to Puka Nacua for 2 yards touchdown,2,3.250,7.000,3.75
2023-12-21,Rams,Saints,2,0:25,2,3,NOR 4,16-7,Matthew Stafford pass complete short middle to Demarcus Robinson for 4 yards touchdown,4,5.470,7.000,1.53
2023-12-17,Rams,Washington,3,14:16,1,10,RAM 38,19-0,Matthew Stafford pass complete deep left to Cooper Kupp for 62 yards touchdown,62,1.470,7.000,5.53
2023-12-17,Rams,Washington,4,13:31,3,9,WAS 23,26-7,Matthew Stafford pass complete deep right to Demarcus Robinson for 23 yards touchdown,23,2.870,7.000,4.13
2023-12-10,Rams,Ravens,2,12:06,3,6,RAV 6,9-7,Matthew Stafford pass complete short left to Cooper Kupp for 6 yards touchdown,6,4.040,7.000,2.96
2023-12-10,Rams,Ravens,2,5:06,2,7,RAV 7,16-14,Matthew Stafford pass complete short right to Davis Allen for 7 yards touchdown,7,4.760,7.000,2.24
2023-12-10,Rams,Ravens,4,4:47,2,5,RAV 5,28-23,Matthew Stafford pass complete short right to Demarcus Robinson for 5 yards touchdown,5,5.150,7.000,1.85
2023-12-03,Rams,Browns,1,4:08,2,1,RAM 30,9-7,Matthew Stafford pass complete deep middle to Puka Nacua for 70 yards touchdown,70,1.020,7.000,5.98
2023-12-03,Rams,Browns,3,0:45,2,7,CLE 7,19-13,Matthew Stafford pass complete short right to Demarcus Robinson for 7 yards touchdown,7,4.760,7.000,2.24
2023-12-03,Rams,Browns,4,3:51,3,3,CLE 3,26-19,Matthew Stafford pass complete short right to Cooper Kupp for 3 yards touchdown,3,4.720,7.000,2.28
2023-11-26,Rams,Cardinals,1,11:23,2,3,CRD 7,6-0,Matthew Stafford pass complete short left to Tyler Higbee for 7 yards touchdown,7,5.280,7.000,1.72
2023-11-26,Rams,Cardinals,2,10:01,2,5,CRD 5,13-8,Matthew Stafford pass complete short middle to Tyler Higbee for 5 yards touchdown,5,5.150,7.000,1.85
2023-11-26,Rams,Cardinals,2,1:05,1,10,CRD 15,20-8,Matthew Stafford pass complete short left to Kyren Williams for 15 yards touchdown,15,4.580,7.000,2.42
2023-11-26,Rams,Cardinals,4,12:45,3,3,CRD 3,30-8,Matthew Stafford pass complete short left to Kyren Williams for 3 yards touchdown,3,4.720,7.000,2.28
2023-11-19,Rams,Seahawks,2,0:12,3,4,SEA 4,6-13,Matthew Stafford pass complete short right to Puka Nacua for 4 yards touchdown,4,4.490,7.000,2.51
2023-10-29,Rams,Cowboys,3,11:35,3,6,DAL 20,15-33,Matthew Stafford pass complete short middle to Ben Skowronek for 20 yards touchdown,20,3.270,7.000,3.73
2023-10-22,Rams,Steelers,2,0:25,2,10,PIT 31,9-3,Matthew Stafford pass complete deep left to Tutu Atwell for 31 yards touchdown,31,2.970,7.000,4.03
2023-10-15,Rams,Cardinals,3,9:01,3,9,CRD 13,12-9,Matthew Stafford pass complete short right to Cooper Kupp for 13 yards touchdown,13,3.260,7.000,3.74
2023-10-08,Rams,Eagles,1,2:04,3,3,PHI 3,6-7,Matthew Stafford pass complete short left to Tutu Atwell for 3 yards touchdown,3,4.720,7.000,2.28
2023-10-08,Rams,Eagles,2,0:38,3,10,PHI 22,13-10,Matthew Stafford pass complete deep right to Puka Nacua for 22 yards touchdown,22,2.870,7.000,4.13
2023-10-01,Rams,Colts,5,5:55,3,4,CLT 22,29-23,Matthew Stafford pass complete short middle to Puka Nacua for 22 yards touchdown,22,3.270,6.000,2.73
2023-09-25,Rams,Bengals,4,1:06,3,1,CIN 1,15-19,Matthew Stafford pass complete short left to Tutu Atwell for 1 yard touchdown,1,5.170,7.000,1.83
2023-09-17,Rams,49ers,2,9:55,1,6,SFO 6,9-10,Matthew Stafford pass complete short right to Kyren Williams for 6 yards touchdown,6,5.830,7.000,1.17
2022-11-20,Rams,Saints,1,4:08,1,10,RAM 38,6-3,Matthew Stafford pass complete deep left to Tutu Atwell for 62 yards touchdown,62,1.470,7.000,5.53
2022-11-20,Rams,Saints,2,0:22,1,6,NOR 6,13-10,Matthew Stafford pass complete short right to Allen Robinson for 6 yards touchdown,6,5.830,7.000,1.17
2022-11-06,Rams,Buccaneers,2,13:08,2,11,RAM 31,6-3,Matthew Stafford pass complete deep middle to Cooper Kupp for 69 yards touchdown,69,0.390,7.000,6.61
2022-10-30,Rams,49ers,2,6:41,1,10,SFO 16,13-7,Matthew Stafford pass complete short middle to Cooper Kupp for 16 yards touchdown,16,4.510,7.000,2.49
2022-10-16,Rams,Panthers,2,3:39,1,5,CAR 5,6-3,Matthew Stafford pass complete short left to Allen Robinson for 5 yards touchdown,5,6.060,7.000,.94
2022-10-09,Rams,Cowboys,2,9:42,3,2,RAM 25,9-9,Matthew Stafford pass complete short right to Cooper Kupp for 75 yards touchdown,75,-0.240,7.000,7.24
2022-09-18,Rams,Falcons,1,1:48,3,1,ATL 1,6-0,Matthew Stafford pass complete short left to Allen Robinson for 1 yard touchdown,1,5.170,7.000,1.83
2022-09-18,Rams,Falcons,2,0:18,2,3,ATL 3,20-3,Matthew Stafford pass complete short left to Cooper Kupp for 3 yards touchdown,3,5.530,7.000,1.47
2022-09-18,Rams,Falcons,3,9:28,3,4,ATL 10,27-3,Matthew Stafford pass complete short right to Cooper Kupp for 10 yards touchdown,10,4.170,7.000,2.83
2022-09-08,Rams,Bills,2,3:05,2,4,BUF 4,6-10,Matthew Stafford pass complete short right to Cooper Kupp for 4 yards touchdown,4,5.340,7.000,1.66
2022-02-13,Rams,Bengals,1,6:26,3,3,CIN 17,6-0,Matthew Stafford pass complete deep right to Odell Beckham for 17 yards touchdown,17,3.750,7.000,3.25
2022-02-13,Rams,Bengals,2,12:56,2,5,CIN 11,13-3,Matthew Stafford pass complete short right to Cooper Kupp for 11 yards touchdown,11,4.760,7.000,2.24
2022-02-13,Rams,Bengals,4,1:29,2,1,CIN 1,22-20,Matthew Stafford pass complete short right to Cooper Kupp for 1 yard touchdown,1,5.910,7.000,1.09
2022-01-30,Rams,49ers,2,8:50,3,13,SFO 16,6-0,Matthew Stafford pass complete deep right to Cooper Kupp for 16 yards touchdown,16,2.970,7.000,4.03
2022-01-30,Rams,49ers,4,13:35,3,1,SFO 11,13-17,Matthew Stafford pass complete short left to Cooper Kupp for 11 yards touchdown,11,4.590,7.000,2.41
2022-01-23,Rams,Buccaneers,1,3:34,1,7,TAM 7,9-0,Matthew Stafford pass complete short left to Kendall Blanton for 7 yards touchdown,7,5.600,7.000,1.40
2022-01-23,Rams,Buccaneers,2,14:28,3,20,RAM 30,16-3,Matthew Stafford pass complete deep right to Cooper Kupp for 70 yards touchdown,70,-0.960,7.000,7.96
2022-01-17,Rams,Cardinals,1,3:55,3,4,CRD 4,6-0,Matthew Stafford pass complete short left to Odell Beckham for 4 yards touchdown,4,4.490,7.000,2.51
2022-01-17,Rams,Cardinals,3,10:40,2,6,CRD 7,27-0,Matthew Stafford pass complete short right to Cooper Kupp for 7 yards touchdown,7,4.890,7.000,2.11
2022-01-09,Rams,49ers,2,10:31,4,1,SFO 2,9-0,Matthew Stafford pass complete short middle to Tyler Higbee for 2 yards touchdown,2,3.250,7.000,3.75
2022-01-09,Rams,49ers,2,6:51,3,6,SFO 15,16-0,Matthew Stafford pass complete short right to Tyler Higbee for 15 yards touchdown,15,3.580,7.000,3.42
2022-01-09,Rams,49ers,4,2:34,3,4,SFO 4,23-17,Matthew Stafford pass complete to Cooper Kupp for 4 yards touchdown,4,4.490,7.000,2.51
2022-01-02,Rams,Ravens,2,1:00,2,10,RAV 18,6-10,Matthew Stafford pass complete short middle to Cooper Kupp for 18 yards touchdown,18,3.800,7.000,3.20
2022-01-02,Rams,Ravens,4,1:01,1,7,RAV 7,20-19,Matthew Stafford pass complete short right to Odell Beckham for 7 yards touchdown,7,5.600,7.000,1.40
2021-12-26,Rams,Vikings,4,11:42,3,6,MIN 7,26-13,Matthew Stafford pass complete short right to Odell Beckham for 7 yards touchdown,7,3.980,7.000,3.02
2021-12-21,Rams,Seahawks,3,6:35,2,6,SEA 6,9-10,Matthew Stafford pass complete short right to Cooper Kupp for 6 yards touchdown,6,4.950,7.000,2.05
2021-12-21,Rams,Seahawks,4,10:55,1,10,SEA 29,16-10,Matthew Stafford pass complete deep middle to Cooper Kupp for 29 yards touchdown,29,3.640,7.000,3.36
2021-12-13,Rams,Cardinals,2,12:56,3,2,CRD 2,6-3,Matthew Stafford pass complete short left to Odell Beckham for 2 yards touchdown,2,4.950,7.000,2.05
2021-12-13,Rams,Cardinals,3,13:44,1,10,RAM 48,19-13,Matthew Stafford pass complete to Van Jefferson for 52 yards touchdown,52,2.130,7.000,4.87
2021-12-13,Rams,Cardinals,3,9:50,2,4,CRD 4,26-13,Matthew Stafford pass complete short left to Cooper Kupp for 4 yards touchdown,4,5.340,7.000,1.66
2021-12-05,Rams,Jaguars,3,11:51,2,4,JAX 29,22-7,Matthew Stafford pass complete short middle to Cooper Kupp for 29 yards touchdown,29,3.510,7.000,3.49
2021-12-05,Rams,Jaguars,3,3:33,3,2,JAX 2,29-7,Matthew Stafford pass complete short middle to Van Jefferson for 2 yards touchdown,2,4.950,7.000,2.05
2021-12-05,Rams,Jaguars,4,10:58,2,1,JAX 1,36-7,Matthew Stafford pass complete short right to Odell Beckham for 1 yard touchdown,1,5.910,7.000,1.09
2021-11-28,Rams,Packers,2,12:53,3,8,RAM 21,6-10,Matthew Stafford pass complete deep middle to Van Jefferson for 79 yards touchdown,79,-0.810,7.000,7.81
2021-11-28,Rams,Packers,2,1:32,2,6,GNB 6,16-20,Matthew Stafford pass complete short middle to Darrell Henderson for 6 yards touchdown,6,4.950,7.000,2.05
2021-11-28,Rams,Packers,4,15:00,1,10,RAM 46,23-36,Matthew Stafford pass complete deep left to Odell Beckham for 54 yards touchdown,54,1.990,7.000,5.01
2021-11-15,Rams,49ers,2,13:20,3,9,SFO 10,6-14,Matthew Stafford pass complete short middle to Tyler Higbee for 10 yards touchdown,10,3.300,7.000,3.70
2021-11-07,Rams,Titans,4,0:31,1,3,OTI 3,15-28,Matthew Stafford pass complete short middle to Sony Michel for 3 yards touchdown. Penalty on Jackrabbit Jenkins: Defensive Holding 5 yards (declined),3,6.510,7.000,.49
2021-10-31,Rams,Texans,1,9:36,2,3,HTX 3,6-0,Matthew Stafford pass complete short right to Darrell Henderson for 3 yards touchdown,3,5.530,7.000,1.47
2021-10-31,Rams,Texans,2,6:13,1,2,HTX 2,16-0,Matthew Stafford pass complete short middle to Robert Woods for 2 yards touchdown,2,6.740,7.000,.26
2021-10-31,Rams,Texans,3,7:59,2,10,HTX 11,30-0,Matthew Stafford pass complete to Cooper Kupp for 11 yards touchdown,11,4.140,7.000,2.86
2021-10-24,Rams,Lions,2,8:41,3,7,DET 11,9-13,Matthew Stafford pass complete short left to Van Jefferson for 11 yards touchdown,11,3.620,7.000,3.38
2021-10-24,Rams,Lions,2,1:26,3,1,DET 2,16-13,Matthew Stafford pass complete short right to Cooper Kupp for 2 yards touchdown,2,5.120,7.000,1.88
2021-10-24,Rams,Lions,4,14:04,1,5,DET 5,23-19,Matthew Stafford pass complete short right to Cooper Kupp for 5 yards touchdown,5,6.060,7.000,.94
2021-10-17,Rams,Giants,2,10:34,1,10,NYG 15,6-3,Matthew Stafford pass complete short middle to Robert Woods for 15 yards touchdown,15,4.580,7.000,2.42
2021-10-17,Rams,Giants,2,8:11,4,1,NYG 3,13-3,Matthew Stafford pass complete short right to Cooper Kupp for 3 yards touchdown,3,3.060,7.000,3.94
2021-10-17,Rams,Giants,2,0:43,1,10,NYG 25,27-3,Matthew Stafford pass complete deep left to Darrell Henderson for 25 yards touchdown,25,3.910,7.000,3.09
2021-10-17,Rams,Giants,4,12:02,1,10,NYG 13,37-3,Matthew Stafford pass complete short left to Cooper Kupp for 13 yards touchdown,13,4.710,7.000,2.29
2021-10-07,Rams,Seahawks,3,4:52,1,10,SEA 13,15-7,Matthew Stafford pass complete short right to Tyler Higbee for 13 yards touchdown,13,4.710,7.000,2.29
2021-10-03,Rams,Cardinals,1,1:00,1,10,CRD 14,9-7,Matthew Stafford pass complete short left to Van Jefferson for 14 yards touchdown,14,4.650,7.000,2.35
2021-10-03,Rams,Cardinals,4,1:17,1,10,CRD 14,19-37,Matthew Stafford pass complete short right to Robert Woods for 14 yards touchdown,14,4.650,7.000,2.35
2021-09-26,Rams,Buccaneers,2,12:29,3,3,TAM 6,6-0,Matthew Stafford pass complete short right to Tyler Higbee for 6 yards touchdown,6,4.560,7.000,2.44
2021-09-26,Rams,Buccaneers,2,0:54,1,2,TAM 2,13-7,Matthew Stafford pass complete short left to Cooper Kupp for 2 yards touchdown,2,6.740,7.000,.26
2021-09-26,Rams,Buccaneers,3,14:12,3,10,RAM 25,20-7,Matthew Stafford pass complete deep right to DeSean Jackson for 75 yards touchdown,75,-0.620,7.000,7.62
2021-09-26,Rams,Buccaneers,3,7:30,1,10,TAM 10,27-14,Matthew Stafford pass complete short right to Cooper Kupp for 10 yards touchdown,10,4.910,7.000,2.09
2021-09-19,Rams,Colts,1,3:23,2,6,CLT 16,6-0,Matthew Stafford pass complete deep left to Cooper Kupp for 16 yards touchdown,16,4.280,7.000,2.72
2021-09-19,Rams,Colts,4,12:13,1,10,CLT 10,23-21,Matthew Stafford pass complete short middle to Cooper Kupp for 10 yards touchdown,10,4.910,7.000,2.09
2021-09-12,Rams,Bears,1,10:50,1,10,RAM 33,6-0,Matthew Stafford pass complete deep right to Van Jefferson for 67 yards touchdown,67,1.140,7.000,5.86
2021-09-12,Rams,Bears,3,14:02,1,10,RAM 44,19-7,Matthew Stafford pass complete deep middle to Cooper Kupp for 56 yards touchdown,56,1.860,7.000,5.14
2021-09-12,Rams,Bears,4,3:22,3,2,CHI 2,33-14,Matthew Stafford pass complete short middle to Robert Woods for 2 yards touchdown. Penalty on Alec Ogletree: Defensive Holding 5 yards (declined),2,4.950,7.000,2.05
2021-01-03,Lions,Vikings,1,4:53,1,10,MIN 43,6-0,Matthew Stafford pass complete deep right to Marvin Jones for 43 yards touchdown,43,2.720,7.000,4.28
2021-01-03,Lions,Vikings,2,13:24,2,6,MIN 20,12-7,Matthew Stafford pass complete deep left to Quintez Cephus for 20 yards touchdown,20,3.970,7.000,3.03
2021-01-03,Lions,Vikings,3,14:15,2,3,MIN 26,22-21,Matthew Stafford pass complete short right to Marvin Jones for 26 yards touchdown,26,3.780,7.000,3.22
2020-12-20,Lions,Titans,1,1:38,3,2,OTI 2,6-7,Matthew Stafford pass complete short middle to Marvin Jones for 2 yards touchdown,2,4.950,7.000,2.05
2020-12-13,Lions,Packers,1,9:29,2,1,GNB 1,6-0,Matthew Stafford pass complete short middle to T.J. Hockenson for 1 yard touchdown,1,5.910,7.000,1.09
2020-12-06,Lions,Bears,2,2:33,1,10,CHI 49,12-16,Matthew Stafford pass complete deep right to Quintez Cephus for 49 yards touchdown,49,2.320,7.000,4.68
2020-12-06,Lions,Bears,3,4:02,2,9,CHI 9,19-23,Matthew Stafford pass complete short left to Jesse James for 9 yards touchdown,9,4.380,7.000,2.62
2020-12-06,Lions,Bears,4,2:24,1,10,CHI 25,26-30,Matthew Stafford pass complete deep left to Marvin Jones for 25 yards touchdown,25,3.910,7.000,3.09
2020-11-26,Lions,Texans,4,6:37,1,10,HTX 14,23-41,Matthew Stafford pass complete short right to Mohamed Sanu for 14 yards touchdown,14,4.650,7.000,2.35
2020-11-15,Lions,Washington,1,7:20,1,10,DET 45,6-0,Matthew Stafford pass complete deep left to Marvin Hall for 55 yards touchdown. Penalty on Kendall Fuller: Defensive Pass Interference (Declined),55,1.930,7.000,5.07
2020-11-15,Lions,Washington,2,12:01,3,10,WAS 27,13-3,Matthew Stafford pass complete deep left to Marvin Jones for 27 yards touchdown,27,2.540,7.000,4.46
2020-11-15,Lions,Washington,3,8:06,3,6,WAS 15,23-3,Matthew Stafford pass complete short right to D'Andre Swift for 15 yards touchdown,15,3.580,7.000,3.42
2020-11-08,Lions,Vikings,2,1:25,1,10,MIN 15,9-13,Matthew Stafford pass complete short left to Marvin Jones for 15 yards touchdown,15,4.580,7.000,2.42
2020-11-01,Lions,Colts,1,5:49,2,3,CLT 25,6-0,Matthew Stafford pass complete deep left to Marvin Jones for 25 yards touchdown touchdown,25,3.850,7.000,3.15
2020-11-01,Lions,Colts,3,11:15,1,9,CLT 9,13-20,Matthew Stafford pass complete short left to Kerryon Johnson for 9 yards touchdown,9,5.140,7.000,1.86
2020-11-01,Lions,Colts,4,12:20,1,4,CLT 4,20-35,Matthew Stafford pass complete short left to Marvin Jones for 4 yards touchdown,4,6.280,7.000,.72
2020-10-25,Lions,Falcons,4,0:02,2,10,ATL 11,22-22,Matthew Stafford pass complete short left to T.J. Hockenson for 11 yards touchdown. Penalty on Danny Amendola: Unsportsmanlike Conduct 15 yards,11,4.140,7.000,2.86
2020-10-18,Lions,Jaguars,3,7:50,4,1,JAX 1,23-3,Matthew Stafford pass complete short right to T.J. Hockenson for 1 yard touchdown,1,3.550,7.000,3.45
2020-10-04,Lions,Saints,1,12:02,2,3,NOR 7,6-0,Matthew Stafford pass complete short middle to D'Andre Swift for 7 yards touchdown,7,5.280,7.000,1.72
2020-10-04,Lions,Saints,1,10:29,3,7,NOR 15,13-0,Matthew Stafford pass complete short left to Kenny Golladay for 15 yards touchdown,15,3.460,7.000,3.54
2020-10-04,Lions,Saints,3,4:24,1,1,NOR 1,20-35,Matthew Stafford pass complete short left to T.J. Hockenson for 1 yard touchdown,1,6.970,7.000,.03
2020-09-27,Lions,Cardinals,2,6:20,4,1,CRD 5,9-7,Matthew Stafford pass complete short right to Jesse James for 5 yards touchdown touchdown,5,3.030,7.000,3.97
2020-09-27,Lions,Cardinals,2,0:35,1,10,CRD 15,16-13,Matthew Stafford pass complete short middle to Kenny Golladay for 15 yards,15,4.580,7.000,2.42
2020-09-20,Lions,Packers,1,0:08,3,4,GNB 4,13-3,Matthew Stafford pass complete short right to Marvin Jones for 4 yards touchdown,4,4.490,7.000,2.51
2020-09-20,Lions,Packers,4,13:06,1,10,GNB 24,20-34,Matthew Stafford pass complete deep right to Marvin Hall for 24 yards touchdown,24,3.970,7.000,3.03
2020-09-13,Lions,Bears,3,10:42,2,4,CHI 4,19-6,Matthew Stafford pass complete short left to T.J. Hockenson for 4 yards touchdown,4,5.340,7.000,1.66
2019-11-03,Lions,Raiders,1,2:38,4,2,RAI 2,6-7,Matthew Stafford pass complete short middle to Marvin Jones for 2 yards touchdown,2,3.250,7.000,3.75
2019-11-03,Lions,Raiders,2,11:30,1,20,DET 41,13-10,Matthew Stafford pass complete deep left to Kenny Golladay for 59 yards touchdown,59,1.660,7.000,5.34
2019-11-03,Lions,Raiders,4,5:22,1,10,RAI 26,23-24,Matthew Stafford pass complete deep left to J.D. McKissic for 26 yards touchdown,26,3.840,7.000,3.16
2019-10-27,Lions,Giants,1,2:39,3,15,NYG 49,13-0,Matthew Stafford pass complete deep left to Marvin Hall for 49 yards touchdown,49,0.760,7.000,6.24
2019-10-27,Lions,Giants,3,9:56,3,2,NYG 9,23-13,Matthew Stafford pass complete short left to Kenny Golladay for 9 yards touchdown,9,4.570,7.000,2.43
2019-10-27,Lions,Giants,4,12:21,1,10,NYG 41,30-19,Matthew Stafford pass complete deep left to Kenny Golladay for 41 yards touchdown,41,2.850,7.000,4.15
2019-10-20,Lions,Vikings,1,7:41,1,10,MIN 16,6-0,Matthew Stafford pass complete short right to Marvin Jones for 16 yards touchdown,16,4.510,7.000,2.49
2019-10-20,Lions,Vikings,1,0:17,2,3,MIN 3,13-7,Matthew Stafford pass complete short left to Marvin Jones for 3 yards touchdown,3,5.530,7.000,1.47
2019-10-20,Lions,Vikings,2,0:06,3,8,MIN 10,20-21,Matthew Stafford pass complete short right to Marvin Jones for 10 yards touchdown,10,3.480,7.000,3.52
2019-10-20,Lions,Vikings,4,3:10,2,2,MIN 2,30-35,Matthew Stafford pass complete short left to Marvin Jones for 2 yards touchdown,2,5.720,7.000,1.28
2019-09-29,Lions,Chiefs,1,3:10,3,4,KAN 5,9-0,Matthew Stafford pass complete short right to T.J. Hockenson for 5 yards touchdown,5,4.440,7.000,2.56
2019-09-29,Lions,Chiefs,3,1:14,3,9,KAN 9,22-20,Matthew Stafford pass complete short middle to Kenny Golladay for 9 yards touchdown,9,3.360,7.000,3.64
2019-09-29,Lions,Chiefs,4,2:31,2,6,KAN 6,29-27,Matthew Stafford pass complete short left to Kenny Golladay for 6 yards touchdown,6,4.950,7.000,2.05
2019-09-22,Lions,Eagles,4,15:00,2,10,PHI 12,26-17,Matthew Stafford pass complete short left to Marvin Jones for 12 yards touchdown,12,4.100,7.000,2.90
2019-09-15,Lions,Chargers,1,4:20,2,10,SDG 36,6-7,Matthew Stafford pass complete short right to Kerryon Johnson for 36 yards touchdown,36,2.640,7.000,4.36
2019-09-15,Lions,Chargers,4,7:28,1,10,SDG 31,12-10,Matthew Stafford pass complete deep right to Kenny Golladay for 31 yards touchdown,31,3.510,7.000,3.49
2019-09-08,Lions,Cardinals,2,12:34,2,6,CRD 47,9-0,Matthew Stafford pass complete deep right to Danny Amendola for 47 yards touchdown,47,2.190,7.000,4.81
2019-09-08,Lions,Cardinals,2,3:45,1,5,CRD 9,16-0,Matthew Stafford pass complete short left to Kenny Golladay for 9 yards touchdown,9,5.800,7.000,1.20
2019-09-08,Lions,Cardinals,4,14:56,3,14,CRD 23,23-6,Matthew Stafford pass complete deep right to T.J. Hockenson for 23 yards touchdown,23,2.540,7.000,4.46
2018-12-30,Lions,Packers,1,3:01,3,5,GNB 5,6-0,Matthew Stafford pass complete short middle to T.J. Jones for 5 yards touchdown,5,4.260,7.000,2.74
2018-12-30,Lions,Packers,4,6:59,2,9,GNB 23,30-0,Matthew Stafford pass complete deep left to T.J. Jones for 23 yards touchdown,23,3.570,7.000,3.43
2018-12-16,Lions,Bills,2,10:50,3,4,BUF 4,6-0,Matthew Stafford pass complete short right to Andy Jones for 4 yards touchdown,4,4.490,7.000,2.51
2018-12-02,Lions,Rams,3,3:08,1,10,RAM 11,12-16,Matthew Stafford pass complete short left to Taylor Decker for 11 yards touchdown,11,4.840,7.000,2.16
2018-11-18,Lions,Panthers,4,5:19,3,10,CAR 19,19-13,Matthew Stafford pass complete deep right to Kenny Golladay for 19 yards touchdown,19,3.030,7.000,3.97
2018-11-11,Lions,Bears,4,8:36,1,5,CHI 5,16-34,Matthew Stafford pass complete short right to Kenny Golladay for 5 yards touchdown,5,6.060,7.000,.94
2018-11-11,Lions,Bears,4,7:28,1,10,CHI 13,22-34,Matthew Stafford pass complete short left to Kerryon Johnson for 13 yards touchdown,13,4.710,7.000,2.29
2018-10-28,Lions,Seahawks,1,2:24,3,10,SEA 39,6-0,Matthew Stafford pass complete deep left to Marvin Jones for 39 yards touchdown,39,1.750,7.000,5.25
2018-10-28,Lions,Seahawks,4,10:47,2,10,SEA 19,13-28,Matthew Stafford pass complete deep right to Marvin Jones for 19 yards touchdown,19,3.750,7.000,3.25
2018-10-21,Lions,Dolphins,1,9:18,2,6,MIA 15,6-0,Matthew Stafford pass complete short right to Michael Roberts for 15 yards touchdown,15,4.350,7.000,2.65
2018-10-21,Lions,Dolphins,3,3:21,3,4,MIA 4,26-14,Matthew Stafford pass complete short right to Michael Roberts for 4 yards touchdown,4,4.490,7.000,2.51
2018-10-07,Lions,Packers,2,0:20,3,8,GNB 8,23-0,Matthew Stafford pass complete short middle to Marvin Jones for 8 yards touchdown touchdown,8,3.580,7.000,3.42
2018-10-07,Lions,Packers,4,13:00,2,5,GNB 5,30-14,Matthew Stafford pass complete short right to Kenny Golladay for 5 yards touchdown,5,5.150,7.000,1.85
2018-09-30,Lions,Cowboys,1,0:30,3,3,DAL 45,6-3,Matthew Stafford pass complete short right to Golden Tate for 45 yards touchdown. Penalty on Randy Gregory: Illegal Use of Hands (Declined),45,1.820,7.000,5.18
2018-09-30,Lions,Cowboys,4,2:24,2,12,DAL 38,23-23,Matthew Stafford pass complete deep right to Golden Tate for 38 yards touchdown,38,2.370,7.000,4.63
2018-09-23,Lions,Patriots,2,14:17,2,4,NWE 4,9-0,Matthew Stafford pass complete short right to Kenny Golladay for 4 yards touchdown,4,5.340,7.000,1.66
2018-09-23,Lions,Patriots,3,3:53,1,10,NWE 33,19-10,Matthew Stafford pass complete deep right to Marvin Jones for 33 yards touchdown,33,3.380,7.000,3.62
2018-09-16,Lions,49ers,1,2:52,1,10,SFO 30,6-3,Matthew Stafford pass complete short left to Kenny Golladay for 30 yards touchdown,30,3.580,7.000,3.42
2018-09-16,Lions,49ers,4,8:40,1,5,SFO 5,19-30,Matthew Stafford pass complete short right to Marvin Jones for 5 yards touchdown,5,6.060,7.000,.94
2018-09-16,Lions,49ers,4,3:33,3,15,SFO 15,26-30,Matthew Stafford pass complete short left to Michael Roberts for 15 yards touchdown,15,2.930,7.000,4.07
2018-09-10,Lions,Jets,3,13:17,1,10,NYJ 24,16-17,Matthew Stafford pass complete short middle to Golden Tate for 24 yards touchdown,24,3.970,7.000,3.03
2017-12-31,Lions,Packers,2,7:35,3,10,DET 46,9-3,Matthew Stafford pass complete deep middle to Kenny Golladay for 54 yards touchdown,54,0.760,7.000,6.24
2017-12-31,Lions,Packers,2,2:24,1,3,GNB 3,16-3,Matthew Stafford pass complete short left to Marvin Jones for 3 yards touchdown,3,6.510,7.000,.49
2017-12-31,Lions,Packers,3,1:50,1,10,DET 29,26-3,Matthew Stafford pass complete deep left to Golden Tate for 71 yards touchdown,71,0.870,7.000,6.13
2017-12-24,Lions,Bengals,1,5:00,3,5,CIN 33,6-0,Matthew Stafford pass complete deep right to Eric Ebron for 33 yards touchdown,33,2.480,7.000,4.52
2017-12-16,Lions,Bears,2,6:15,3,1,CHI 3,12-0,Matthew Stafford pass complete short right to T.J. Jones for 3 yards touchdown,3,5.060,7.000,1.94
2017-12-16,Lions,Bears,3,9:54,3,8,CHI 8,19-3,Matthew Stafford pass complete short middle to Eric Ebron for 8 yards touchdown,8,3.580,7.000,3.42
2017-12-10,Lions,Buccaneers,2,7:41,1,5,TAM 5,13-7,Matthew Stafford pass complete short left to Golden Tate for 5 yards touchdown,5,6.060,7.000,.94
2017-12-03,Lions,Ravens,4,10:24,2,1,RAV 1,19-27,Matthew Stafford pass complete short right to Nick Bellore for 1 yard touchdown,1,5.910,7.000,1.09
2017-11-23,Lions,Vikings,2,0:15,1,6,MIN 6,9-20,Matthew Stafford pass complete short left to Marvin Jones for 6 yards touchdown,6,5.830,7.000,1.17
2017-11-23,Lions,Vikings,4,14:24,3,14,MIN 43,22-27,Matthew Stafford pass complete deep right to Marvin Jones for 43 yards touchdown. Penalty on MIN: Defensive 12 On-field (Declined),43,1.220,7.000,5.78
2017-11-19,Lions,Bears,2,5:24,2,8,CHI 28,13-17,Matthew Stafford pass complete deep right to Marvin Jones for 28 yards touchdown,28,3.300,7.000,3.70
2017-11-19,Lions,Bears,2,0:24,2,2,CHI 2,20-17,Matthew Stafford pass complete short right to Ameer Abdullah for 2 yards touchdown,2,5.720,7.000,1.28
2017-11-12,Lions,Browns,3,0:56,2,7,CLE 8,23-24,Matthew Stafford pass complete short left to Theo Riddick for 8 yards touchdown,8,4.700,7.000,2.30
2017-11-12,Lions,Browns,4,10:52,3,3,CLE 29,30-24,Matthew Stafford pass complete deep left to Eric Ebron for 29 yards touchdown,29,2.870,7.000,4.13
2017-11-12,Lions,Browns,4,4:36,3,6,CLE 40,37-24,Matthew Stafford pass complete short right to Golden Tate for 40 yards touchdown,40,1.950,7.000,5.05
2017-11-06,Lions,Packers,1,1:50,2,5,GNB 25,6-0,Matthew Stafford pass complete deep right to Marvin Jones for 25 yards touchdown,25,3.710,7.000,3.29
2017-11-06,Lions,Packers,4,8:12,2,9,GNB 11,26-10,Matthew Stafford pass complete short right to Marvin Jones for 11 yards touchdown,11,4.270,7.000,2.73
2017-10-15,Lions,Saints,1,7:14,3,4,NOR 45,6-7,Matthew Stafford pass complete short right to Golden Tate for 45 yards touchdown,45,1.750,7.000,5.25
2017-10-15,Lions,Saints,3,6:02,3,4,NOR 22,16-45,Matthew Stafford pass complete deep right to Marvin Jones for 22 yards touchdown. Penalty on Ken Crawley: Defensive Pass Interference (Declined),22,3.270,7.000,3.73
2017-10-15,Lions,Saints,3,1:26,3,17,NOR 22,23-45,Matthew Stafford pass complete deep middle to Darren Fells for 22 yards touchdown,22,2.410,7.000,4.59
2017-10-08,Lions,Panthers,4,5:56,1,4,CAR 4,16-27,Matthew Stafford pass complete short right to Darren Fells for 4 yards touchdown,4,6.280,7.000,.72
2017-10-08,Lions,Panthers,4,3:28,3,10,CAR 20,23-27,Matthew Stafford pass complete short left to Darren Fells for 20 yards touchdown,20,3.010,7.000,3.99
2017-09-24,Lions,Falcons,3,4:58,2,7,ATL 11,19-23,Matthew Stafford pass complete short middle to Golden Tate for 11 yards touchdown,11,4.520,7.000,2.48
2017-09-18,Lions,Giants,1,4:00,3,12,NYG 27,6-0,Matthew Stafford pass complete deep right to Marvin Jones for 27 yards touchdown,27,2.410,7.000,4.59
2017-09-18,Lions,Giants,2,8:53,3,6,NYG 7,13-7,Matthew Stafford pass complete short right to Eric Ebron for 7 yards touchdown,7,3.980,7.000,3.02
2017-09-10,Lions,Cardinals,2,4:30,2,6,CRD 6,6-10,Matthew Stafford pass complete short left to Marvin Jones for 6 yards touchdown,6,4.950,7.000,2.05
2017-09-10,Lions,Cardinals,3,3:15,2,7,CRD 7,15-17,Matthew Stafford pass complete short middle to Theo Riddick for 7 yards touchdown,7,4.760,7.000,2.24
2017-09-10,Lions,Cardinals,4,9:33,2,10,CRD 10,21-17,Matthew Stafford pass complete short left to Kenny Golladay for 10 yards touchdown,10,4.190,7.000,2.81
2017-09-10,Lions,Cardinals,4,4:22,2,9,CRD 45,27-17,Matthew Stafford pass complete deep middle to Kenny Golladay for 45 yards touchdown,45,2.110,7.000,4.89
2017-01-01,Lions,Packers,2,0:26,1,3,GNB 3,13-7,Matthew Stafford pass complete short right to Golden Tate for 3 yards touchdown,3,6.510,7.000,.49
2017-01-01,Lions,Packers,4,0:22,1,10,GNB 35,23-31,Matthew Stafford pass complete deep middle to Anquan Boldin for 35 yards touchdown,35,3.250,7.000,3.75
2016-12-11,Lions,Bears,2,0:24,1,16,CHI 16,9-3,Matthew Stafford pass complete short right to Anquan Boldin for 16 yards touchdown,16,4.310,7.000,2.69
2016-12-04,Lions,Saints,2,13:05,1,1,NOR 1,9-0,Matthew Stafford pass complete short left to Theo Riddick for 1 yard touchdown,1,6.970,7.000,.03
2016-12-04,Lions,Saints,4,11:50,3,10,DET 34,25-13,Matthew Stafford pass complete deep right to Golden Tate for 66 yards touchdown,66,-0.030,7.000,7.03
2016-11-24,Lions,Vikings,1,7:20,1,2,MIN 2,6-0,Matthew Stafford pass complete short right to Anquan Boldin for 2 yards touchdown,2,6.740,7.000,.26
2016-11-06,Lions,Vikings,2,0:08,1,1,MIN 1,9-3,Matthew Stafford pass complete short left to Anquan Boldin for 1 yard touchdown,1,6.970,7.000,.03
2016-11-06,Lions,Vikings,5,8:34,3,8,MIN 28,22-16,Matthew Stafford pass complete short left to Golden Tate for 28 yards touchdown,28,2.610,7.000,4.39
2016-10-30,Lions,Texans,4,14:55,1,1,HTX 1,9-17,Matthew Stafford pass complete short right to Theo Riddick for 1 yard touchdown,1,6.970,7.000,.03
2016-10-23,Lions,Washington,4,0:22,3,10,WAS 18,19-17,Matthew Stafford pass complete short left to Anquan Boldin for 18 yards touchdown,18,3.050,7.000,3.95
2016-10-16,Lions,Rams,1,10:47,1,7,RAM 7,6-0,Matthew Stafford pass complete short left to Marvin Jones for 7 yards touchdown,7,5.600,7.000,1.40
2016-10-16,Lions,Rams,2,3:12,4,2,RAM 2,13-14,Matthew Stafford pass complete short right to Andre Roberts for 2 yards touchdown. Penalty on E.J. Gaines: Defensive Pass Interference (Declined),2,3.250,7.000,3.75
2016-10-16,Lions,Rams,3,9:52,2,4,RAM 4,20-14,Matthew Stafford pass complete short left to Anquan Boldin for 4 yards touchdown,4,5.340,7.000,1.66
2016-10-16,Lions,Rams,4,6:09,2,13,RAM 23,27-28,Matthew Stafford pass complete short left to Golden Tate for 23 yards touchdown,23,3.290,7.000,3.71
2016-10-09,Lions,Eagles,1,9:42,2,1,PHI 1,6-0,Matthew Stafford pass complete short left to Theo Riddick for 1 yard touchdown,1,5.910,7.000,1.09
2016-10-09,Lions,Eagles,1,1:00,2,6,PHI 17,13-0,Matthew Stafford pass complete short right to Theo Riddick for 17 yards touchdown,17,4.200,7.000,2.80
2016-10-09,Lions,Eagles,2,3:15,2,1,PHI 1,20-7,Matthew Stafford pass complete short left to Marvin Jones for 1 yard touchdown,1,5.910,7.000,1.09
2016-09-25,Lions,Packers,2,0:42,2,8,DET 27,9-31,Matthew Stafford pass complete deep right to Marvin Jones for 73 yards touchdown,73,0.330,7.000,6.67
2016-09-25,Lions,Packers,3,8:26,4,2,GNB 2,16-31,Matthew Stafford pass complete short right to Anquan Boldin for 2 yards touchdown,2,3.250,7.000,3.75
2016-09-25,Lions,Packers,4,3:40,1,10,GNB 35,26-34,Matthew Stafford pass complete deep right to Marvin Jones for 35 yards touchdown,35,3.250,7.000,3.75
2016-09-18,Lions,Titans,1,4:23,2,20,OTI 24,8-0,Matthew Stafford pass complete deep left to Anquan Boldin for 24 yards touchdown,24,2.740,7.000,4.26
2016-09-11,Lions,Colts,2,1:43,3,4,CLT 6,20-3,Matthew Stafford pass complete short left to Eric Ebron for 6 yards touchdown,6,4.380,7.000,2.62
2016-09-11,Lions,Colts,3,2:26,2,4,CLT 11,27-18,Matthew Stafford pass complete short left to Ameer Abdullah for 11 yards touchdown,11,4.890,7.000,2.11
2016-09-11,Lions,Colts,4,4:11,1,10,CLT 13,34-28,Matthew Stafford pass complete short right to Theo Riddick for 13 yards touchdown,13,4.710,7.000,2.29
2016-01-03,Lions,Bears,1,10:19,1,9,CHI 9,6-0,Matthew Stafford pass complete short middle to Tim Wright for 9 yards touchdown,9,5.140,7.000,1.86
2016-01-03,Lions,Bears,3,1:15,2,8,CHI 36,16-10,Matthew Stafford pass complete deep left to Calvin Johnson for 36 yards touchdown,36,2.780,7.000,4.22
2016-01-03,Lions,Bears,4,8:52,2,1,CHI 1,23-17,Matthew Stafford pass complete short right to Eric Ebron for 1 yard touchdown,1,5.910,7.000,1.09
2015-12-27,Lions,49ers,2,14:21,1,10,SFO 29,9-7,Matthew Stafford pass complete deep middle to T.J. Jones for 29 yards touchdown,29,3.640,7.000,3.36
2015-12-27,Lions,49ers,4,9:07,1,1,SFO 1,29-17,Matthew Stafford pass complete short right to Calvin Johnson for 1 yard touchdown,1,6.970,7.000,.03
2015-12-21,Lions,Saints,1,7:56,3,1,NOR 1,6-0,Matthew Stafford pass complete short right to Golden Tate for 1 yard touchdown,1,5.170,7.000,1.83
2015-12-21,Lions,Saints,2,14:18,1,4,NOR 4,13-3,Matthew Stafford pass complete short right to Michael Burton for 4 yards touchdown,4,6.280,7.000,.72
2015-12-21,Lions,Saints,2,4:32,1,5,NOR 5,20-3,Matthew Stafford pass complete short left to Golden Tate for 5 yards touchdown. Penalty on Brandon Browner: Illegal Use of Hands (Declined),5,6.060,7.000,.94
2015-12-13,Lions,Rams,3,7:39,2,5,RAM 9,6-7,Matthew Stafford pass complete short middle to Golden Tate for 9 yards touchdown,9,4.900,7.000,2.10
2015-12-13,Lions,Rams,4,2:07,1,2,RAM 2,13-21,Matthew Stafford pass complete short right to Golden Tate for 2 yards touchdown,2,6.740,7.000,.26
2015-12-03,Lions,Packers,1,1:53,3,2,GNB 3,9-0,Matthew Stafford pass complete short right to Eric Ebron for 3 yards touchdown,3,4.890,7.000,2.11
2015-12-03,Lions,Packers,1,1:08,1,10,GNB 17,16-0,Matthew Stafford pass complete deep right to Calvin Johnson for 17 yards touchdown,17,4.440,7.000,2.56
2015-11-26,Lions,Eagles,1,2:14,2,8,PHI 8,6-0,Matthew Stafford pass complete short middle to Theo Riddick for 8 yards touchdown,8,4.570,7.000,2.43
2015-11-26,Lions,Eagles,2,7:58,1,2,PHI 2,13-7,Matthew Stafford pass complete short right to Golden Tate for 2 yards touchdown,2,6.740,7.000,.26
2015-11-26,Lions,Eagles,2,0:17,3,17,PHI 25,23-7,Matthew Stafford pass complete deep left to Calvin Johnson for 25 yards touchdown,25,2.210,7.000,4.79
2015-11-26,Lions,Eagles,3,7:13,2,1,PHI 4,30-7,Matthew Stafford pass complete short left to Calvin Johnson for 4 yards touchdown,4,5.730,7.000,1.27
2015-11-26,Lions,Eagles,3,5:10,1,3,PHI 3,37-7,Matthew Stafford pass complete short right to Calvin Johnson for 3 yards touchdown,3,6.510,7.000,.49
2015-11-15,Lions,Packers,3,13:37,3,2,GNB 2,9-3,Matthew Stafford pass complete short middle to Brandon Pettigrew for 2 yards touchdown,2,4.950,7.000,2.05
2015-11-15,Lions,Packers,4,2:00,2,4,GNB 4,18-10,Matthew Stafford pass complete short middle to Lance Moore for 4 yards touchdown,4,5.340,7.000,1.66
2015-11-01,Lions,Chiefs,4,7:29,1,10,KAN 21,9-38,Matthew Stafford pass complete deep right to Lance Moore for 21 yards touchdown,21,4.170,7.000,2.83
2015-10-25,Lions,Vikings,1,11:15,2,1,MIN 1,6-0,Matthew Stafford pass complete short left to Calvin Johnson for 1 yard touchdown,1,5.910,7.000,1.09
2015-10-25,Lions,Vikings,1,1:30,1,7,MIN 7,13-3,Matthew Stafford pass complete short middle to Eric Ebron for 7 yards touchdown,7,5.600,7.000,1.40
2015-10-18,Lions,Bears,1,9:35,3,8,CHI 20,6-0,Matthew Stafford pass complete deep middle to Lance Moore for 20 yards touchdown,20,3.140,7.000,3.86
2015-10-18,Lions,Bears,2,9:23,1,8,CHI 8,13-10,Matthew Stafford pass complete short left to Tim Wright for 8 yards touchdown,8,5.370,7.000,1.63
2015-10-18,Lions,Bears,2,0:58,3,2,CHI 2,20-13,Matthew Stafford pass complete short middle to Golden Tate for 2 yards touchdown,2,4.950,7.000,2.05
2015-10-18,Lions,Bears,4,0:25,1,6,CHI 6,33-31,Matthew Stafford pass complete short left to Calvin Johnson for 6 yards touchdown,6,5.830,7.000,1.17
2015-10-11,Lions,Cardinals,1,2:27,1,6,CRD 6,6-0,Matthew Stafford pass complete short middle to Theo Riddick for 6 yards touchdown,6,5.830,7.000,1.17
2015-09-27,Lions,Broncos,3,10:57,1,16,DEN 16,12-14,Matthew Stafford pass complete short middle to Ameer Abdullah for 16 yards touchdown,16,4.310,7.000,2.69
2015-09-20,Lions,Vikings,2,0:42,2,2,MIN 11,9-17,Matthew Stafford pass complete short left to Calvin Johnson for 11 yards touchdown,11,5.140,7.000,1.86
2015-09-20,Lions,Vikings,4,1:54,2,10,MIN 12,16-26,Matthew Stafford pass complete short middle to Eric Ebron for 12 yards touchdown,12,4.100,7.000,2.90
2015-09-13,Lions,Chargers,2,8:54,1,10,SDG 18,20-3,Matthew Stafford pass complete deep middle to Eric Ebron for 18 yards touchdown,18,4.370,7.000,2.63
2015-09-13,Lions,Chargers,4,1:09,2,10,SDG 21,27-33,Matthew Stafford pass complete short middle to Theo Riddick for 21 yards touchdown,21,3.630,7.000,3.37
2015-01-04,Lions,Cowboys,1,11:34,2,10,DET 49,6-0,Matthew Stafford pass complete deep middle to Golden Tate for 51 yards touchdown,51,1.650,7.000,5.35
2014-12-28,Lions,Packers,2,0:29,1,10,GNB 20,6-14,Matthew Stafford pass complete deep middle to Calvin Johnson for 20 yards touchdown,20,4.240,7.000,2.76
2014-12-28,Lions,Packers,3,7:39,1,4,GNB 4,13-14,Matthew Stafford pass complete short right to Calvin Johnson for 4 yards touchdown,4,6.280,7.000,.72
2014-12-28,Lions,Packers,4,1:50,2,3,GNB 6,20-30,Matthew Stafford pass complete short middle to Theo Riddick for 6 yards touchdown,6,5.340,7.000,1.66
2014-12-14,Lions,Vikings,2,3:48,2,6,MIN 7,6-14,Matthew Stafford pass complete short left to Golden Tate for 7 yards touchdown,7,4.890,7.000,2.11
2014-12-07,Lions,Buccaneers,1,3:02,2,6,TAM 6,6-0,Matthew Stafford pass complete short right to Calvin Johnson for 6 yards touchdown,6,4.950,7.000,2.05
2014-12-07,Lions,Buccaneers,3,0:20,3,10,TAM 10,26-10,Matthew Stafford pass complete short middle to Joseph Fauria for 10 yards touchdown,10,3.130,7.000,3.87
2014-12-07,Lions,Buccaneers,4,5:08,1,5,TAM 5,33-17,Matthew Stafford pass complete short middle to Joique Bell for 5 yards touchdown,5,6.060,7.000,.94
2014-11-27,Lions,Bears,2,13:01,3,7,CHI 25,9-14,Matthew Stafford pass complete deep left to Calvin Johnson for 25 yards touchdown,25,2.870,7.000,4.13
2014-11-27,Lions,Bears,2,0:28,1,6,CHI 6,23-14,Matthew Stafford pass complete short left to Calvin Johnson for 6 yards touchdown,6,5.830,7.000,1.17
2014-11-09,Lions,Dolphins,1,4:06,1,10,MIA 49,9-0,Matthew Stafford pass complete deep middle to Calvin Johnson for 49 yards touchdown,49,2.320,7.000,4.68
2014-11-09,Lions,Dolphins,4,0:36,3,4,MIA 11,19-16,Matthew Stafford pass complete short left to Theo Riddick for 11 yards touchdown,11,4.100,7.000,2.90
2014-10-26,Lions,Falcons,3,4:48,3,25,DET 41,9-21,Matthew Stafford pass complete deep right to Golden Tate for 59 yards touchdown,59,-0.560,7.000,7.56
2014-10-26,Lions,Falcons,4,4:01,2,5,ATL 5,19-21,Matthew Stafford pass complete short right to Theo Riddick for 5 yards touchdown,5,5.150,7.000,1.85
2014-10-19,Lions,Saints,4,3:52,3,14,DET 27,16-23,Matthew Stafford pass complete short right to Golden Tate for 73 yards touchdown,73,-0.760,7.000,7.76
2014-10-19,Lions,Saints,4,1:54,3,5,NOR 5,23-23,Matthew Stafford pass complete short middle to Corey Fuller for 5 yards touchdown,5,4.260,7.000,2.74
2014-10-12,Lions,Vikings,1,11:11,2,9,MIN 9,6-0,Matthew Stafford pass complete short right to Theo Riddick for 9 yards touchdown,9,4.380,7.000,2.62
2014-10-05,Lions,Bills,1,0:09,3,8,BUF 9,6-0,Matthew Stafford pass complete short left to Golden Tate for 9 yards touchdown,9,3.530,7.000,3.47
2014-09-28,Lions,Jets,2,6:29,3,10,DET 41,9-3,Matthew Stafford pass complete deep right to Jeremy Ross for 59 yards touchdown,59,0.430,7.000,6.57
2014-09-28,Lions,Jets,2,0:27,2,10,NYJ 16,16-3,Matthew Stafford pass complete deep middle to Eric Ebron for 16 yards touchdown,16,3.900,7.000,3.10
2014-09-14,Lions,Panthers,3,9:34,2,1,CAR 1,6-6,Matthew Stafford pass complete short right to Jed Collins for 1 yard touchdown,1,5.910,7.000,1.09
2014-09-08,Lions,Giants,1,12:25,3,9,DET 33,6-0,Matthew Stafford pass complete deep right to Calvin Johnson for 67 yards touchdown,67,-0.030,7.000,7.03
2014-09-08,Lions,Giants,1,5:19,3,13,NYG 16,13-0,Matthew Stafford pass complete deep middle to Calvin Johnson for 16 yards touchdown,16,2.970,7.000,4.03
2013-12-29,Lions,Vikings,3,10:36,3,4,MIN 19,6-7,Matthew Stafford pass complete short right to Reggie Bush for 19 yards touchdown,19,3.490,7.000,3.51
2013-12-16,Lions,Ravens,4,2:27,3,9,RAV 14,16-15,Matthew Stafford pass complete short middle to Joseph Fauria for 14 yards touchdown,14,3.240,7.000,3.76
2013-11-28,Lions,Packers,2,4:37,2,3,GNB 5,9-10,Matthew Stafford pass complete short middle to Jeremy Ross for 5 yards touchdown,5,5.410,7.000,1.59
2013-11-28,Lions,Packers,3,9:15,3,10,GNB 20,23-10,Matthew Stafford pass complete short middle to Calvin Johnson for 20 yards touchdown,20,3.010,7.000,3.99
2013-11-28,Lions,Packers,4,4:23,2,10,GNB 20,39-10,Matthew Stafford pass complete deep right to Kevin Ogletree for 20 yards touchdown,20,3.690,7.000,3.31
2013-11-24,Lions,Buccaneers,2,11:54,1,5,TAM 5,6-3,Matthew Stafford pass complete short middle to Nate Burleson for 5 yards touchdown,5,6.060,7.000,.94
2013-11-24,Lions,Buccaneers,2,4:38,3,6,TAM 10,13-10,Matthew Stafford pass complete short right to Joseph Fauria for 10 yards touchdown,10,3.820,7.000,3.18
2013-11-24,Lions,Buccaneers,3,9:41,1,10,TAM 18,20-17,Matthew Stafford pass complete deep middle to Brandon Pettigrew for 18 yards touchdown,18,4.370,7.000,2.63
2013-11-17,Lions,Steelers,2,10:27,1,10,DET 21,9-17,Matthew Stafford pass complete deep middle to Calvin Johnson for 79 yards touchdown,79,0.340,7.000,6.66
2013-11-17,Lions,Steelers,2,3:58,1,10,PIT 19,16-20,Matthew Stafford pass complete deep left to Calvin Johnson for 19 yards touchdown,19,4.310,7.000,2.69
2013-11-10,Lions,Bears,1,6:01,1,5,CHI 5,6-7,Matthew Stafford pass complete short right to Kris Durham for 5 yards touchdown,5,6.060,7.000,.94
2013-11-10,Lions,Bears,3,13:02,2,4,CHI 4,13-7,Matthew Stafford pass complete short right to Calvin Johnson for 4 yards touchdown,4,5.340,7.000,1.66
2013-11-10,Lions,Bears,4,2:28,3,10,CHI 14,20-13,Matthew Stafford pass complete short left to Calvin Johnson for 14 yards touchdown,14,3.110,7.000,3.89
2013-10-27,Lions,Cowboys,1,0:56,4,2,DAL 2,6-0,Matthew Stafford pass complete short right to Calvin Johnson for 2 yards touchdown,2,3.250,7.000,3.75
2013-10-20,Lions,Bengals,1,3:06,3,3,CIN 3,6-7,Matthew Stafford pass complete short left to Brandon Pettigrew for 3 yards touchdown,3,4.720,7.000,2.28
2013-10-20,Lions,Bengals,3,8:23,3,10,CIN 27,16-21,Matthew Stafford pass complete deep left to Calvin Johnson for 27 yards touchdown,27,2.540,7.000,4.46
2013-10-20,Lions,Bengals,4,12:10,3,18,50,23-24,Matthew Stafford pass complete deep middle to Calvin Johnson for 50 yards touchdown,50,0.500,7.000,6.50
2013-10-13,Lions,Browns,1,3:31,2,1,CLE 1,6-0,Matthew Stafford pass complete short right to Joseph Fauria for 1 yard touchdown,1,5.910,7.000,1.09
2013-10-13,Lions,Browns,3,9:04,2,7,CLE 18,13-17,Matthew Stafford pass complete short left to Reggie Bush for 18 yards touchdown,18,4.040,7.000,2.96
2013-10-13,Lions,Browns,4,10:41,1,10,CLE 23,20-17,Matthew Stafford pass complete deep right to Joseph Fauria for 23 yards touchdown,23,4.040,7.000,2.96
2013-10-13,Lions,Browns,4,2:05,3,4,CLE 10,30-17,Matthew Stafford pass complete short right to Joseph Fauria for 10 yards touchdown,10,4.170,7.000,2.83
2013-10-06,Lions,Packers,4,2:10,1,10,GNB 13,9-22,Matthew Stafford pass complete short middle to Kris Durham for 13 yards touchdown,13,4.710,7.000,2.29
2013-09-29,Lions,Bears,2,5:51,1,2,CHI 2,22-10,Matthew Stafford pass complete short left to Calvin Johnson for 2 yards touchdown,2,6.740,7.000,.26
2013-09-22,Lions,Washington,2,14:53,3,5,WAS 5,13-7,Matthew Stafford pass complete short middle to Joseph Fauria for 5 yards touchdown,5,4.260,7.000,2.74
2013-09-22,Lions,Washington,4,4:02,2,11,WAS 11,26-17,Matthew Stafford pass complete short middle to Calvin Johnson for 11 yards touchdown,11,4.020,7.000,2.98
2013-09-15,Lions,Cardinals,2,10:31,2,14,DET 28,6-3,Matthew Stafford pass complete short left to Calvin Johnson for 72 yards touchdown,72,-0.010,7.000,7.01
2013-09-15,Lions,Cardinals,2,2:00,1,3,CRD 3,13-10,Matthew Stafford pass complete short left to Calvin Johnson for 3 yards touchdown,3,6.510,7.000,.49
2013-09-08,Lions,Vikings,3,5:58,3,7,DET 23,26-17,Matthew Stafford pass complete short middle to Reggie Bush for 77 yards touchdown,77,-0.560,7.000,7.56
2013-09-08,Lions,Vikings,4,6:51,1,1,MIN 1,33-24,Matthew Stafford pass complete short right to Joseph Fauria for 1 yard touchdown,1,6.970,7.000,.03
2012-12-30,Lions,Bears,2,0:17,3,10,CHI 25,9-20,Matthew Stafford pass complete deep left to Kris Durham for 25 yards touchdown,25,2.680,7.000,4.32
2012-12-30,Lions,Bears,3,6:35,3,10,CHI 10,16-20,Matthew Stafford pass complete short middle to Will Heller for 10 yards touchdown,10,3.130,7.000,3.87
2012-12-30,Lions,Bears,4,6:59,1,9,CHI 9,23-26,Matthew Stafford pass complete short middle to Brian Robiskie for 9 yards touchdown. Penalty on Major Wright: Unnecessary Roughness 15 yards,9,5.140,7.000,1.86
2012-12-09,Lions,Packers,2,12:47,2,3,GNB 3,13-0,Matthew Stafford pass complete short right to Tony Scheffler for 3 yards touchdown. Penalty on DET: Unsportsmanlike Conduct 15 yards,3,5.530,7.000,1.47
2012-12-02,Lions,Colts,1,1:54,2,7,CLT 16,9-7,Matthew Stafford pass complete deep right to Brandon Pettigrew for 16 yards touchdown,16,4.180,7.000,2.82
2012-12-02,Lions,Colts,3,0:12,3,12,CLT 46,29-21,Matthew Stafford pass complete deep right to Calvin Johnson for 46 yards touchdown,46,1.160,7.000,5.84
2012-11-22,Lions,Texans,2,6:04,3,5,HTX 5,13-7,Matthew Stafford pass complete short middle to Mike Thomas for 5 yards touchdown,5,4.260,7.000,2.74
2012-11-22,Lions,Texans,2,1:56,1,10,HTX 22,20-14,Matthew Stafford pass complete deep left to Calvin Johnson for 22 yards touchdown,22,4.110,7.000,2.89
2012-11-18,Lions,Packers,3,3:07,2,20,GNB 25,16-14,Matthew Stafford pass complete deep middle to Calvin Johnson for 25 yards touchdown,25,2.670,7.000,4.33
2012-11-11,Lions,Vikings,3,3:01,2,15,MIN 16,9-16,Matthew Stafford pass complete deep right to Brandon Pettigrew for 16 yards touchdown,16,3.440,7.000,3.56
2012-11-11,Lions,Vikings,4,11:34,1,1,MIN 1,16-24,Matthew Stafford pass complete short left to Titus Young for 1 yard touchdown,1,6.970,7.000,.03
2012-11-11,Lions,Vikings,4,2:00,1,10,MIN 11,23-34,Matthew Stafford pass complete short right to Calvin Johnson for 11 yards touchdown,11,4.840,7.000,2.16
2012-10-28,Lions,Seahawks,1,0:07,2,6,SEA 6,6-3,Matthew Stafford pass complete short left to Ryan Broyles for 6 yards touchdown,6,4.950,7.000,2.05
2012-10-28,Lions,Seahawks,2,8:56,3,11,SEA 46,13-17,Matthew Stafford pass complete deep right to Titus Young for 46 yards touchdown,46,1.220,7.000,5.78
2012-10-28,Lions,Seahawks,4,0:20,3,1,SEA 1,27-24,Matthew Stafford pass complete short left to Titus Young for 1 yard touchdown,1,5.170,7.000,1.83
2012-10-22,Lions,Bears,4,0:36,2,10,CHI 12,6-13,Matthew Stafford pass complete short right to Ryan Broyles for 12 yards touchdown,12,4.100,7.000,2.90
2012-10-14,Lions,Eagles,4,3:38,3,15,PHI 17,19-23,Matthew Stafford pass complete deep left to Nate Burleson for 17 yards touchdown,17,2.840,7.000,4.16
2012-09-23,Lions,Titans,4,6:58,1,3,OTI 3,25-20,Matthew Stafford pass complete short left to Nate Burleson for 3 yards touchdown,3,6.510,7.000,.49
2012-09-16,Lions,49ers,4,1:35,3,9,SFO 9,18-27,Matthew Stafford pass complete short middle to Brandon Pettigrew for 9 yards touchdown,9,3.360,7.000,3.64
2012-09-09,Lions,Rams,4,0:15,2,5,RAM 5,26-23,Matthew Stafford pass complete short right to Kevin Smith for 5 yards touchdown,5,5.150,7.000,1.85
2012-01-07,Lions,Saints,1,11:04,1,10,NOR 10,6-0,Matthew Stafford pass complete short middle to Will Heller for 10 yards touchdown,10,4.910,7.000,2.09
2012-01-07,Lions,Saints,2,9:18,1,10,NOR 13,13-7,Matthew Stafford pass complete short left to Calvin Johnson for 13 yards touchdown,13,4.710,7.000,2.29
2012-01-07,Lions,Saints,4,4:45,3,3,NOR 12,27-38,Matthew Stafford pass complete short left to Calvin Johnson for 12 yards touchdown,12,4.190,7.000,2.81
2012-01-01,Lions,Packers,1,13:05,2,8,GNB 8,6-0,Matthew Stafford pass complete short left to Titus Young for 8 yards touchdown,8,4.570,7.000,2.43
2012-01-01,Lions,Packers,2,8:24,3,4,GNB 13,15-10,Matthew Stafford pass complete short middle to Calvin Johnson for 13 yards touchdown,13,3.960,7.000,3.04
2012-01-01,Lions,Packers,3,6:44,1,2,GNB 2,25-24,Matthew Stafford pass complete short middle to Titus Young for 2 yards touchdown,2,6.740,7.000,.26
2012-01-01,Lions,Packers,3,2:13,3,2,GNB 5,32-31,Matthew Stafford pass complete short middle to Kevin Smith for 5 yards touchdown,5,4.780,7.000,2.22
2012-01-01,Lions,Packers,4,2:44,2,12,GNB 12,40-38,Matthew Stafford pass complete short middle to Tony Scheffler for 12 yards touchdown,12,3.860,7.000,3.14
2011-12-24,Lions,Chargers,1,10:57,3,7,SDG 7,6-0,Matthew Stafford pass complete short left to Brandon Pettigrew for 7 yards touchdown,7,3.810,7.000,3.19
2011-12-24,Lions,Chargers,2,7:16,1,3,SDG 3,16-0,Matthew Stafford pass complete short left to Kevin Smith for 3 yards touchdown,3,6.510,7.000,.49
2011-12-24,Lions,Chargers,2,0:36,2,6,SDG 14,23-0,Matthew Stafford pass complete short right to Calvin Johnson for 14 yards touchdown,14,4.430,7.000,2.57
2011-12-18,Lions,Raiders,1,3:43,2,4,DET 49,6-7,Matthew Stafford pass complete deep left to Calvin Johnson for 51 yards touchdown,51,2.060,7.000,4.94
2011-12-18,Lions,Raiders,2,1:22,1,10,RAI 39,13-14,Matthew Stafford pass complete deep left to Nate Burleson for 39 yards touchdown,39,2.980,7.000,4.02
2011-12-18,Lions,Raiders,4,5:03,1,3,RAI 3,20-27,Matthew Stafford pass complete short left to Titus Young for 3 yards touchdown,3,6.510,7.000,.49
2011-12-18,Lions,Raiders,4,0:43,2,6,RAI 6,27-27,Matthew Stafford pass complete short middle to Calvin Johnson for 6 yards touchdown,6,4.950,7.000,2.05
2011-12-11,Lions,Vikings,1,9:54,3,14,DET 43,13-0,Matthew Stafford pass complete deep left to Titus Young for 57 yards touchdown,57,0.300,7.000,6.70
2011-12-11,Lions,Vikings,1,5:59,1,5,MIN 12,20-0,Matthew Stafford pass complete short right to Brandon Pettigrew for 12 yards touchdown,12,5.520,7.000,1.48
2011-12-04,Lions,Saints,3,0:47,1,9,NOR 9,16-24,Matthew Stafford pass complete short right to Maurice Morris for 9 yards touchdown,9,5.140,7.000,1.86
2011-11-24,Lions,Packers,4,0:16,1,3,GNB 3,14-27,Matthew Stafford pass complete short left to Calvin Johnson for 3 yards touchdown,3,6.510,7.000,.49
2011-11-20,Lions,Panthers,2,14:14,1,10,CAR 28,6-10,Matthew Stafford pass complete short right to Kevin Smith for 28 yards touchdown,28,3.710,7.000,3.29
2011-11-20,Lions,Panthers,2,3:00,2,2,CAR 3,13-24,Matthew Stafford pass complete short left to Titus Young for 3 yards touchdown,3,5.660,7.000,1.34
2011-11-20,Lions,Panthers,3,10:34,2,7,CAR 16,20-27,Matthew Stafford pass complete short left to Nate Burleson for 16 yards touchdown,16,4.180,7.000,2.82
2011-11-20,Lions,Panthers,3,6:02,3,12,CAR 17,27-27,Matthew Stafford pass complete deep right to Tony Scheffler for 17 yards touchdown,17,2.980,7.000,4.02
2011-11-20,Lions,Panthers,4,2:36,3,7,CAR 7,41-35,Matthew Stafford pass complete short middle to Brandon Pettigrew for 7 yards touchdown,7,3.810,7.000,3.19
2011-11-13,Lions,Bears,4,5:07,4,10,CHI 10,12-37,Matthew Stafford pass complete short left to Tony Scheffler for 10 yards touchdown,10,2.760,7.000,4.24
2011-10-30,Lions,Broncos,1,8:48,2,6,DEN 41,6-3,Matthew Stafford pass complete deep middle to Titus Young for 41 yards touchdown,41,2.580,7.000,4.42
2011-10-30,Lions,Broncos,2,4:16,3,1,DEN 1,16-3,Matthew Stafford pass complete short right to Tony Scheffler for 1 yard touchdown,1,5.170,7.000,1.83
2011-10-30,Lions,Broncos,3,6:27,1,10,DET 44,37-3,Matthew Stafford pass complete deep left to Calvin Johnson for 56 yards touchdown. Penalty on Elvis Dumervil: Defensive Offside (Declined),56,1.860,7.000,5.14
2011-10-23,Lions,Falcons,3,2:08,1,10,DET 43,15-20,Matthew Stafford pass complete deep middle to Calvin Johnson for 57 yards touchdown,57,1.800,7.000,5.20
2011-10-16,Lions,49ers,1,4:50,3,10,SFO 16,9-0,Matthew Stafford pass complete deep middle to Brandon Pettigrew for 16 yards touchdown. Penalty on SFO: Unsportsmanlike Conduct 15 yards,16,3.080,7.000,3.92
2011-10-16,Lions,49ers,4,13:53,2,5,SFO 5,19-15,Matthew Stafford pass complete short middle to Nate Burleson for 5 yards touchdown,5,5.150,7.000,1.85
2011-10-10,Lions,Bears,2,14:22,3,8,DET 27,6-0,Matthew Stafford pass complete deep right to Calvin Johnson for 73 yards touchdown,73,-0.360,7.000,7.36
2011-10-10,Lions,Bears,3,9:58,1,10,CHI 18,13-10,Matthew Stafford pass complete short middle to Brandon Pettigrew for 18 yards touchdown,18,4.370,7.000,2.63
2011-10-02,Lions,Cowboys,4,13:47,1,10,DAL 23,23-30,Matthew Stafford pass complete deep left to Calvin Johnson for 23 yards touchdown,23,4.040,7.000,2.96
2011-10-02,Lions,Cowboys,4,1:44,1,2,DAL 2,33-30,Matthew Stafford pass complete short right to Calvin Johnson for 2 yards touchdown. Penalty on DAL: Defensive 12 On-field (Declined),2,6.740,7.000,.26
2011-09-25,Lions,Vikings,3,9:28,1,10,MIN 32,6-20,Matthew Stafford pass complete deep right to Calvin Johnson for 32 yards touchdown,32,3.450,7.000,3.55
2011-09-25,Lions,Vikings,4,15:00,1,5,MIN 5,16-20,Matthew Stafford pass complete short middle to Calvin Johnson for 5 yards touchdown,5,6.060,7.000,.94
2011-09-18,Lions,Chiefs,1,10:54,1,10,KAN 15,6-0,Matthew Stafford pass complete short right to Calvin Johnson for 15 yards touchdown,15,4.580,7.000,2.42
2011-09-18,Lions,Chiefs,2,5:58,2,1,KAN 36,13-3,Matthew Stafford pass complete deep right to Tony Scheffler for 36 yards touchdown,36,3.260,7.000,3.74
2011-09-18,Lions,Chiefs,3,1:21,4,1,KAN 1,26-3,Matthew Stafford pass complete short right to Calvin Johnson for 1 yard touchdown,1,3.550,7.000,3.45
2011-09-18,Lions,Chiefs,4,14:57,3,8,KAN 9,33-3,Matthew Stafford pass complete short left to Jahvid Best for 9 yards touchdown,9,3.530,7.000,3.47
2011-09-11,Lions,Buccaneers,2,7:25,4,2,TAM 36,12-10,Matthew Stafford pass complete deep right to Calvin Johnson for 36 yards touchdown,36,0.890,7.000,6.11
2011-09-11,Lions,Buccaneers,2,1:26,2,7,TAM 11,19-10,Matthew Stafford pass complete short right to Tony Scheffler for 11 yards touchdown,11,4.520,7.000,2.48
2011-09-11,Lions,Buccaneers,3,6:23,1,1,TAM 1,26-13,Matthew Stafford pass complete short right to Calvin Johnson for 1 yard touchdown,1,6.970,7.000,.03
2010-11-07,Lions,Jets,1,9:20,2,10,NYJ 10,6-0,Matthew Stafford pass complete short left to Brandon Pettigrew for 10 yards touchdown,10,4.190,7.000,2.81
2010-11-07,Lions,Jets,4,11:53,3,2,NYJ 2,19-10,Matthew Stafford pass complete short left to Nate Burleson for 2 yards touchdown,2,4.950,7.000,2.05
2010-10-31,Lions,Washington,2,12:05,3,4,WAS 13,6-0,Matthew Stafford pass complete short left to Calvin Johnson for 13 yards touchdown,13,3.960,7.000,3.04
2010-10-31,Lions,Washington,3,7:14,2,2,WAS 2,13-13,Matthew Stafford pass complete short middle to Brandon Pettigrew for 2 yards touchdown,2,5.720,7.000,1.28
2010-10-31,Lions,Washington,4,8:25,1,7,WAS 7,20-19,Matthew Stafford pass complete short left to Calvin Johnson for 7 yards touchdown,7,5.600,7.000,1.40
2010-10-31,Lions,Washington,4,3:17,4,1,WAS 10,26-25,Matthew Stafford pass complete short right to Calvin Johnson for 10 yards touchdown,10,2.910,7.000,4.09
2009-12-06,Lions,Bengals,1,3:36,1,10,DET 46,6-0,Matthew Stafford pass complete deep middle to Calvin Johnson for 54 yards touchdown,54,1.990,7.000,5.01
2009-11-26,Lions,Packers,1,13:07,2,1,GNB 1,6-0,Matthew Stafford pass complete short right to Calvin Johnson for 1 yard touchdown,1,5.910,7.000,1.09
2009-11-22,Lions,Browns,1,0:37,2,10,CLE 26,9-24,Matthew Stafford pass complete short left to Aaron Brown for 26 yards touchdown,26,3.300,7.000,3.70
2009-11-22,Lions,Browns,2,11:52,2,7,CLE 25,16-24,Matthew Stafford pass complete deep middle to Kevin Smith for 25 yards touchdown,25,3.570,7.000,3.43
2009-11-22,Lions,Browns,2,5:12,2,5,DET 25,23-24,Matthew Stafford pass complete deep middle to Calvin Johnson for 75 yards touchdown,75,0.410,7.000,6.59
2009-11-22,Lions,Browns,3,2:52,1,1,CLE 1,30-27,Matthew Stafford pass complete short right to Will Heller for 1 yard touchdown,1,6.970,7.000,.03
2009-11-22,Lions,Browns,4,0:00,1,1,CLE 1,37-37,Matthew Stafford pass complete short middle to Brandon Pettigrew for 1 yard touchdown,1,6.970,7.000,.03
2009-11-15,Lions,Vikings,3,8:19,2,8,MIN 8,9-17,Matthew Stafford pass complete short middle to Will Heller for 8 yards touchdown,8,4.570,7.000,2.43
2009-11-08,Lions,Seahawks,1,6:23,1,7,SEA 7,6-0,Matthew Stafford pass complete short middle to Brandon Pettigrew for 7 yards touchdown,7,5.600,7.000,1.40
2009-11-08,Lions,Seahawks,1,5:26,3,10,SEA 29,13-0,Matthew Stafford pass complete deep left to Bryant Johnson for 29 yards touchdown,29,2.410,7.000,4.59
2009-10-04,Lions,Bears,1,5:08,3,10,CHI 14,13-7,Matthew Stafford pass complete short middle to Will Heller for 14 yards touchdown,14,3.110,7.000,3.89
2009-09-27,Lions,Washington,1,1:26,1,10,WAS 21,6-0,Matthew Stafford pass complete deep left to Bryant Johnson for 21 yards touchdown,21,4.170,7.000,2.83
2009-09-20,Lions,Vikings,2,5:46,2,8,MIN 8,9-0,Matthew Stafford pass complete short left to Calvin Johnson for 8 yards touchdown,8,4.570,7.000,2.43
